case,comparison,reference,candidate,psnr,ssim,mae,rmse
hq_calib_steps_30_00079,stego,D:\thesis\experiments\diffstega_outputs_hq\hq_calib_steps_30\00079.png,D:\thesis\experiments\diffstega_outputs_hq\hq_calib_steps_30\00079_hide_pw_2000.png,20.5685,0.941586,15.7398,23.8844
hq_calib_steps_30_00079,correct recover,D:\thesis\experiments\diffstega_outputs_hq\hq_calib_steps_30\00079.png,D:\thesis\experiments\diffstega_outputs_hq\hq_calib_steps_30\00079_rec_w_2000.png,24.8765,0.979801,9.6924,14.5451
hq_calib_steps_30_00079,wrong recover,D:\thesis\experiments\diffstega_outputs_hq\hq_calib_steps_30\00079.png,D:\thesis\experiments\diffstega_outputs_hq\hq_calib_steps_30\00079_rec_wo_2000.png,21.2330,0.950981,14.8019,22.1253
hq_calib_steps_50_00079,stego,D:\thesis\experiments\diffstega_outputs_hq\hq_calib_steps_50\00079.png,D:\thesis\experiments\diffstega_outputs_hq\hq_calib_steps_50\00079_hide_pw_2000.png,20.4028,0.941762,16.1552,24.3446
hq_calib_steps_50_00079,correct recover,D:\thesis\experiments\diffstega_outputs_hq\hq_calib_steps_50\00079.png,D:\thesis\experiments\diffstega_outputs_hq\hq_calib_steps_50\00079_rec_w_2000.png,24.2906,0.976812,10.1338,15.5600
hq_calib_steps_50_00079,wrong recover,D:\thesis\experiments\diffstega_outputs_hq\hq_calib_steps_50\00079.png,D:\thesis\experiments\diffstega_outputs_hq\hq_calib_steps_50\00079_rec_wo_2000.png,20.9087,0.948745,15.2296,22.9672
hq_core_content_boar_000000132622,stego,D:\thesis\experiments\diffstega_outputs_hq\hq_core_content_boar\000000132622.png,D:\thesis\experiments\diffstega_outputs_hq\hq_core_content_boar\000000132622_hide_pw_1000.png,20.0658,0.901997,17.5047,25.3077
hq_core_content_boar_000000132622,correct recover,D:\thesis\experiments\diffstega_outputs_hq\hq_core_content_boar\000000132622.png,D:\thesis\experiments\diffstega_outputs_hq\hq_core_content_boar\000000132622_rec_w_1000.png,22.1197,0.943597,12.7325,19.9781
hq_core_content_boar_000000132622,wrong recover,D:\thesis\experiments\diffstega_outputs_hq\hq_core_content_boar\000000132622.png,D:\thesis\experiments\diffstega_outputs_hq\hq_core_content_boar\000000132622_rec_wo_1000.png,19.8286,0.900151,18.2139,26.0081
hq_core_similar_face_00079,stego,D:\thesis\experiments\diffstega_outputs_hq\hq_core_similar_face\00079.png,D:\thesis\experiments\diffstega_outputs_hq\hq_core_similar_face\00079_hide_pw_2000.png,20.5685,0.941586,15.7398,23.8844
hq_core_similar_face_00079,correct recover,D:\thesis\experiments\diffstega_outputs_hq\hq_core_similar_face\00079.png,D:\thesis\experiments\diffstega_outputs_hq\hq_core_similar_face\00079_rec_w_2000.png,24.8765,0.979801,9.6924,14.5451
hq_core_similar_face_00079,wrong recover,D:\thesis\experiments\diffstega_outputs_hq\hq_core_similar_face\00079.png,D:\thesis\experiments\diffstega_outputs_hq\hq_core_similar_face\00079_rec_wo_2000.png,21.2330,0.950981,14.8019,22.1253
hq_core_style_dog_flickr_dog_000054,stego,D:\thesis\experiments\diffstega_outputs_hq\hq_core_style_dog\flickr_dog_000054.png,D:\thesis\experiments\diffstega_outputs_hq\hq_core_style_dog\flickr_dog_000054_hide_pw_205572.png,16.5831,0.867138,27.3594,37.7905
hq_core_style_dog_flickr_dog_000054,correct recover,D:\thesis\experiments\diffstega_outputs_hq\hq_core_style_dog\flickr_dog_000054.png,D:\thesis\experiments\diffstega_outputs_hq\hq_core_style_dog\flickr_dog_000054_rec_w_205572.png,22.2599,0.966017,13.6718,19.6583
hq_core_style_dog_flickr_dog_000054,wrong recover,D:\thesis\experiments\diffstega_outputs_hq\hq_core_style_dog\flickr_dog_000054.png,D:\thesis\experiments\diffstega_outputs_hq\hq_core_style_dog\flickr_dog_000054_rec_wo_205572.png,18.4863,0.914500,21.6831,30.3546
hq_param_es_050_00079,stego,D:\thesis\experiments\diffstega_outputs_hq\hq_param_es_050\00079.png,D:\thesis\experiments\diffstega_outputs_hq\hq_param_es_050\00079_hide_pw_2000.png,21.7115,0.955204,13.6692,20.9393
hq_param_es_050_00079,correct recover,D:\thesis\experiments\diffstega_outputs_hq\hq_param_es_050\00079.png,D:\thesis\experiments\diffstega_outputs_hq\hq_param_es_050\00079_rec_w_2000.png,25.5943,0.983472,9.1616,13.3913
hq_param_es_050_00079,wrong recover,D:\thesis\experiments\diffstega_outputs_hq\hq_param_es_050\00079.png,D:\thesis\experiments\diffstega_outputs_hq\hq_param_es_050\00079_rec_wo_2000.png,21.8008,0.957188,13.9583,20.7252
hq_param_es_060_00079,stego,D:\thesis\experiments\diffstega_outputs_hq\hq_param_es_060\00079.png,D:\thesis\experiments\diffstega_outputs_hq\hq_param_es_060\00079_hide_pw_2000.png,20.5685,0.941586,15.7398,23.8844
hq_param_es_060_00079,correct recover,D:\thesis\experiments\diffstega_outputs_hq\hq_param_es_060\00079.png,D:\thesis\experiments\diffstega_outputs_hq\hq_param_es_060\00079_rec_w_2000.png,24.8765,0.979801,9.6924,14.5451
hq_param_es_060_00079,wrong recover,D:\thesis\experiments\diffstega_outputs_hq\hq_param_es_060\00079.png,D:\thesis\experiments\diffstega_outputs_hq\hq_param_es_060\00079_rec_wo_2000.png,21.2330,0.950981,14.8019,22.1253
hq_param_es_070_00079,stego,D:\thesis\experiments\diffstega_outputs_hq\hq_param_es_070\00079.png,D:\thesis\experiments\diffstega_outputs_hq\hq_param_es_070\00079_hide_pw_2000.png,19.3139,0.923556,18.4280,27.5958
hq_param_es_070_00079,correct recover,D:\thesis\experiments\diffstega_outputs_hq\hq_param_es_070\00079.png,D:\thesis\experiments\diffstega_outputs_hq\hq_param_es_070\00079_rec_w_2000.png,23.9771,0.975416,10.9421,16.1318
hq_param_es_070_00079,wrong recover,D:\thesis\experiments\diffstega_outputs_hq\hq_param_es_070\00079.png,D:\thesis\experiments\diffstega_outputs_hq\hq_param_es_070\00079_rec_wo_2000.png,20.7548,0.946509,15.6853,23.3777
hq_param_nf_003_00079,stego,D:\thesis\experiments\diffstega_outputs_hq\hq_param_nf_003\00079.png,D:\thesis\experiments\diffstega_outputs_hq\hq_param_nf_003\00079_hide_pw_2000.png,21.4929,0.956050,14.4634,21.4731
hq_param_nf_003_00079,correct recover,D:\thesis\experiments\diffstega_outputs_hq\hq_param_nf_003\00079.png,D:\thesis\experiments\diffstega_outputs_hq\hq_param_nf_003\00079_rec_w_2000.png,25.5002,0.982912,9.1547,13.5372
hq_param_nf_003_00079,wrong recover,D:\thesis\experiments\diffstega_outputs_hq\hq_param_nf_003\00079.png,D:\thesis\experiments\diffstega_outputs_hq\hq_param_nf_003\00079_rec_wo_2000.png,22.1640,0.963759,13.7027,19.8765
hq_param_nf_005_00079,stego,D:\thesis\experiments\diffstega_outputs_hq\hq_param_nf_005\00079.png,D:\thesis\experiments\diffstega_outputs_hq\hq_param_nf_005\00079_hide_pw_2000.png,20.5685,0.941586,15.7398,23.8844
hq_param_nf_005_00079,correct recover,D:\thesis\experiments\diffstega_outputs_hq\hq_param_nf_005\00079.png,D:\thesis\experiments\diffstega_outputs_hq\hq_param_nf_005\00079_rec_w_2000.png,24.8765,0.979801,9.6924,14.5451
hq_param_nf_005_00079,wrong recover,D:\thesis\experiments\diffstega_outputs_hq\hq_param_nf_005\00079.png,D:\thesis\experiments\diffstega_outputs_hq\hq_param_nf_005\00079_rec_wo_2000.png,21.2330,0.950981,14.8019,22.1253
hq_param_nf_008_00079,stego,D:\thesis\experiments\diffstega_outputs_hq\hq_param_nf_008\00079.png,D:\thesis\experiments\diffstega_outputs_hq\hq_param_nf_008\00079_hide_pw_2000.png,19.6575,0.931315,18.0402,26.5256
hq_param_nf_008_00079,correct recover,D:\thesis\experiments\diffstega_outputs_hq\hq_param_nf_008\00079.png,D:\thesis\experiments\diffstega_outputs_hq\hq_param_nf_008\00079_rec_w_2000.png,25.7297,0.983647,9.1474,13.1843
hq_param_nf_008_00079,wrong recover,D:\thesis\experiments\diffstega_outputs_hq\hq_param_nf_008\00079.png,D:\thesis\experiments\diffstega_outputs_hq\hq_param_nf_008\00079_rec_wo_2000.png,20.4044,0.944140,16.7226,24.3400
hq_prompt_similar_00079,stego,D:\thesis\experiments\diffstega_outputs_hq\hq_prompt_similar\00079.png,D:\thesis\experiments\diffstega_outputs_hq\hq_prompt_similar\00079_hide_pw_2000.png,20.5685,0.941586,15.7398,23.8844
hq_prompt_similar_00079,correct recover,D:\thesis\experiments\diffstega_outputs_hq\hq_prompt_similar\00079.png,D:\thesis\experiments\diffstega_outputs_hq\hq_prompt_similar\00079_rec_w_2000.png,24.8765,0.979801,9.6924,14.5451
hq_prompt_similar_00079,wrong recover,D:\thesis\experiments\diffstega_outputs_hq\hq_prompt_similar\00079.png,D:\thesis\experiments\diffstega_outputs_hq\hq_prompt_similar\00079_rec_wo_2000.png,21.2330,0.950981,14.8019,22.1253
hq_prompt_style_00079,stego,D:\thesis\experiments\diffstega_outputs_hq\hq_prompt_style\00079.png,D:\thesis\experiments\diffstega_outputs_hq\hq_prompt_style\00079_hide_pw_2000.png,20.7558,0.942491,15.7516,23.3750
hq_prompt_style_00079,correct recover,D:\thesis\experiments\diffstega_outputs_hq\hq_prompt_style\00079.png,D:\thesis\experiments\diffstega_outputs_hq\hq_prompt_style\00079_rec_w_2000.png,24.7029,0.978888,9.6830,14.8386
hq_prompt_style_00079,wrong recover,D:\thesis\experiments\diffstega_outputs_hq\hq_prompt_style\00079.png,D:\thesis\experiments\diffstega_outputs_hq\hq_prompt_style\00079_rec_wo_2000.png,20.8389,0.943559,15.7397,23.1524
hq_prompt_unrelated_00079,stego,D:\thesis\experiments\diffstega_outputs_hq\hq_prompt_unrelated\00079.png,D:\thesis\experiments\diffstega_outputs_hq\hq_prompt_unrelated\00079_hide_pw_2000.png,19.7472,0.925799,18.1651,26.2531
hq_prompt_unrelated_00079,correct recover,D:\thesis\experiments\diffstega_outputs_hq\hq_prompt_unrelated\00079.png,D:\thesis\experiments\diffstega_outputs_hq\hq_prompt_unrelated\00079_rec_w_2000.png,24.7711,0.979477,9.9903,14.7226
hq_prompt_unrelated_00079,wrong recover,D:\thesis\experiments\diffstega_outputs_hq\hq_prompt_unrelated\00079.png,D:\thesis\experiments\diffstega_outputs_hq\hq_prompt_unrelated\00079_rec_wo_2000.png,19.9261,0.929714,17.7838,25.7180
hq_prompt_weak_00079,stego,D:\thesis\experiments\diffstega_outputs_hq\hq_prompt_weak\00079.png,D:\thesis\experiments\diffstega_outputs_hq\hq_prompt_weak\00079_hide_pw_2000.png,20.3969,0.939891,16.4093,24.3609
hq_prompt_weak_00079,correct recover,D:\thesis\experiments\diffstega_outputs_hq\hq_prompt_weak\00079.png,D:\thesis\experiments\diffstega_outputs_hq\hq_prompt_weak\00079_rec_w_2000.png,25.0647,0.981367,9.7923,14.2333
hq_prompt_weak_00079,wrong recover,D:\thesis\experiments\diffstega_outputs_hq\hq_prompt_weak\00079.png,D:\thesis\experiments\diffstega_outputs_hq\hq_prompt_weak\00079_rec_wo_2000.png,20.4959,0.941524,16.0988,24.0849
hq_ext_pw_boar_4001_000000132622,stego,D:\thesis\experiments\diffstega_outputs_hq_ext\hq_ext_pw_boar_4001\000000132622.png,D:\thesis\experiments\diffstega_outputs_hq_ext\hq_ext_pw_boar_4001\000000132622_hide_pw_4001.png,19.5866,0.898452,18.2506,26.7429
hq_ext_pw_boar_4001_000000132622,correct recover,D:\thesis\experiments\diffstega_outputs_hq_ext\hq_ext_pw_boar_4001\000000132622.png,D:\thesis\experiments\diffstega_outputs_hq_ext\hq_ext_pw_boar_4001\000000132622_rec_w_4001.png,22.0942,0.943634,12.9364,20.0368
hq_ext_pw_boar_4001_000000132622,wrong recover,D:\thesis\experiments\diffstega_outputs_hq_ext\hq_ext_pw_boar_4001\000000132622.png,D:\thesis\experiments\diffstega_outputs_hq_ext\hq_ext_pw_boar_4001\000000132622_rec_wo_4001.png,19.2881,0.893887,18.8263,27.6780
hq_ext_pw_boar_4002_000000132622,stego,D:\thesis\experiments\diffstega_outputs_hq_ext\hq_ext_pw_boar_4002\000000132622.png,D:\thesis\experiments\diffstega_outputs_hq_ext\hq_ext_pw_boar_4002\000000132622_hide_pw_4002.png,19.5998,0.898183,18.3746,26.7023
hq_ext_pw_boar_4002_000000132622,correct recover,D:\thesis\experiments\diffstega_outputs_hq_ext\hq_ext_pw_boar_4002\000000132622.png,D:\thesis\experiments\diffstega_outputs_hq_ext\hq_ext_pw_boar_4002\000000132622_rec_w_4002.png,21.9238,0.941811,12.9775,20.4338
hq_ext_pw_boar_4002_000000132622,wrong recover,D:\thesis\experiments\diffstega_outputs_hq_ext\hq_ext_pw_boar_4002\000000132622.png,D:\thesis\experiments\diffstega_outputs_hq_ext\hq_ext_pw_boar_4002\000000132622_rec_wo_4002.png,19.2948,0.893502,19.2314,27.6566
hq_ext_pw_dog_5001_flickr_dog_000054,stego,D:\thesis\experiments\diffstega_outputs_hq_ext\hq_ext_pw_dog_5001\flickr_dog_000054.png,D:\thesis\experiments\diffstega_outputs_hq_ext\hq_ext_pw_dog_5001\flickr_dog_000054_hide_pw_5001.png,16.9613,0.869962,26.3775,36.1806
hq_ext_pw_dog_5001_flickr_dog_000054,correct recover,D:\thesis\experiments\diffstega_outputs_hq_ext\hq_ext_pw_dog_5001\flickr_dog_000054.png,D:\thesis\experiments\diffstega_outputs_hq_ext\hq_ext_pw_dog_5001\flickr_dog_000054_rec_w_5001.png,22.1394,0.964333,14.0865,19.9328
hq_ext_pw_dog_5001_flickr_dog_000054,wrong recover,D:\thesis\experiments\diffstega_outputs_hq_ext\hq_ext_pw_dog_5001\flickr_dog_000054.png,D:\thesis\experiments\diffstega_outputs_hq_ext\hq_ext_pw_dog_5001\flickr_dog_000054_rec_wo_5001.png,17.1509,0.878033,25.6830,35.3992
hq_ext_pw_dog_5002_flickr_dog_000054,stego,D:\thesis\experiments\diffstega_outputs_hq_ext\hq_ext_pw_dog_5002\flickr_dog_000054.png,D:\thesis\experiments\diffstega_outputs_hq_ext\hq_ext_pw_dog_5002\flickr_dog_000054_hide_pw_5002.png,16.7327,0.872494,26.8187,37.1455
hq_ext_pw_dog_5002_flickr_dog_000054,correct recover,D:\thesis\experiments\diffstega_outputs_hq_ext\hq_ext_pw_dog_5002\flickr_dog_000054.png,D:\thesis\experiments\diffstega_outputs_hq_ext\hq_ext_pw_dog_5002\flickr_dog_000054_rec_w_5002.png,21.2060,0.957381,15.5185,22.1943
hq_ext_pw_dog_5002_flickr_dog_000054,wrong recover,D:\thesis\experiments\diffstega_outputs_hq_ext\hq_ext_pw_dog_5002\flickr_dog_000054.png,D:\thesis\experiments\diffstega_outputs_hq_ext\hq_ext_pw_dog_5002\flickr_dog_000054_rec_wo_5002.png,17.2086,0.885593,25.4913,35.1650
hq_ext_pw_face_3001_00079,stego,D:\thesis\experiments\diffstega_outputs_hq_ext\hq_ext_pw_face_3001\00079.png,D:\thesis\experiments\diffstega_outputs_hq_ext\hq_ext_pw_face_3001\00079_hide_pw_3001.png,21.1471,0.951390,15.5881,22.3452
hq_ext_pw_face_3001_00079,correct recover,D:\thesis\experiments\diffstega_outputs_hq_ext\hq_ext_pw_face_3001\00079.png,D:\thesis\experiments\diffstega_outputs_hq_ext\hq_ext_pw_face_3001\00079_rec_w_3001.png,25.2438,0.982023,9.5481,13.9428
hq_ext_pw_face_3001_00079,wrong recover,D:\thesis\experiments\diffstega_outputs_hq_ext\hq_ext_pw_face_3001\00079.png,D:\thesis\experiments\diffstega_outputs_hq_ext\hq_ext_pw_face_3001\00079_rec_wo_3001.png,20.7905,0.947945,16.1266,23.2817
hq_ext_pw_face_3002_00079,stego,D:\thesis\experiments\diffstega_outputs_hq_ext\hq_ext_pw_face_3002\00079.png,D:\thesis\experiments\diffstega_outputs_hq_ext\hq_ext_pw_face_3002\00079_hide_pw_3002.png,20.1423,0.933679,17.0102,25.0856
hq_ext_pw_face_3002_00079,correct recover,D:\thesis\experiments\diffstega_outputs_hq_ext\hq_ext_pw_face_3002\00079.png,D:\thesis\experiments\diffstega_outputs_hq_ext\hq_ext_pw_face_3002\00079_rec_w_3002.png,25.3390,0.981819,9.0579,13.7908
hq_ext_pw_face_3002_00079,wrong recover,D:\thesis\experiments\diffstega_outputs_hq_ext\hq_ext_pw_face_3002\00079.png,D:\thesis\experiments\diffstega_outputs_hq_ext\hq_ext_pw_face_3002\00079_rec_wo_3002.png,20.9330,0.945291,15.5077,22.9030
hq_ext_sk_astronaut_sk_astronaut,stego,D:\thesis\experiments\diffstega_outputs_hq_ext\hq_ext_sk_astronaut\sk_astronaut.png,D:\thesis\experiments\diffstega_outputs_hq_ext\hq_ext_sk_astronaut\sk_astronaut_hide_pw_6101.png,17.7655,0.911277,20.8690,32.9811
hq_ext_sk_astronaut_sk_astronaut,correct recover,D:\thesis\experiments\diffstega_outputs_hq_ext\hq_ext_sk_astronaut\sk_astronaut.png,D:\thesis\experiments\diffstega_outputs_hq_ext\hq_ext_sk_astronaut\sk_astronaut_rec_w_6101.png,20.3349,0.953115,14.3395,24.5356
hq_ext_sk_astronaut_sk_astronaut,wrong recover,D:\thesis\experiments\diffstega_outputs_hq_ext\hq_ext_sk_astronaut\sk_astronaut.png,D:\thesis\experiments\diffstega_outputs_hq_ext\hq_ext_sk_astronaut\sk_astronaut_rec_wo_6101.png,16.7323,0.886523,23.3682,37.1470
hq_ext_sk_camera_sk_camera,stego,D:\thesis\experiments\diffstega_outputs_hq_ext\hq_ext_sk_camera\sk_camera.png,D:\thesis\experiments\diffstega_outputs_hq_ext\hq_ext_sk_camera\sk_camera_hide_pw_6105.png,20.1470,0.935432,16.8399,25.0720
hq_ext_sk_camera_sk_camera,correct recover,D:\thesis\experiments\diffstega_outputs_hq_ext\hq_ext_sk_camera\sk_camera.png,D:\thesis\experiments\diffstega_outputs_hq_ext\hq_ext_sk_camera\sk_camera_rec_w_6105.png,22.4791,0.966508,10.8365,19.1683
hq_ext_sk_camera_sk_camera,wrong recover,D:\thesis\experiments\diffstega_outputs_hq_ext\hq_ext_sk_camera\sk_camera.png,D:\thesis\experiments\diffstega_outputs_hq_ext\hq_ext_sk_camera\sk_camera_rec_wo_6105.png,19.9309,0.932698,17.6709,25.7037
hq_ext_sk_cat_sk_cat,stego,D:\thesis\experiments\diffstega_outputs_hq_ext\hq_ext_sk_cat\sk_cat.png,D:\thesis\experiments\diffstega_outputs_hq_ext\hq_ext_sk_cat\sk_cat_hide_pw_6104.png,21.0230,0.742639,17.0098,22.6669
hq_ext_sk_cat_sk_cat,correct recover,D:\thesis\experiments\diffstega_outputs_hq_ext\hq_ext_sk_cat\sk_cat.png,D:\thesis\experiments\diffstega_outputs_hq_ext\hq_ext_sk_cat\sk_cat_rec_w_6104.png,26.3232,0.939071,9.6651,12.3134
hq_ext_sk_cat_sk_cat,wrong recover,D:\thesis\experiments\diffstega_outputs_hq_ext\hq_ext_sk_cat\sk_cat.png,D:\thesis\experiments\diffstega_outputs_hq_ext\hq_ext_sk_cat\sk_cat_rec_wo_6104.png,20.3439,0.714260,18.4354,24.5102
hq_ext_sk_coffee_sk_coffee,stego,D:\thesis\experiments\diffstega_outputs_hq_ext\hq_ext_sk_coffee\sk_coffee.png,D:\thesis\experiments\diffstega_outputs_hq_ext\hq_ext_sk_coffee\sk_coffee_hide_pw_6102.png,22.4476,0.955141,10.7433,19.2381
hq_ext_sk_coffee_sk_coffee,correct recover,D:\thesis\experiments\diffstega_outputs_hq_ext\hq_ext_sk_coffee\sk_coffee.png,D:\thesis\experiments\diffstega_outputs_hq_ext\hq_ext_sk_coffee\sk_coffee_rec_w_6102.png,24.4517,0.975319,9.7962,15.2741
hq_ext_sk_coffee_sk_coffee,wrong recover,D:\thesis\experiments\diffstega_outputs_hq_ext\hq_ext_sk_coffee\sk_coffee.png,D:\thesis\experiments\diffstega_outputs_hq_ext\hq_ext_sk_coffee\sk_coffee_rec_wo_6102.png,22.4530,0.954684,11.1217,19.2261
hq_ext_sk_horse_sk_horse,stego,D:\thesis\experiments\diffstega_outputs_hq_ext\hq_ext_sk_horse\sk_horse.png,D:\thesis\experiments\diffstega_outputs_hq_ext\hq_ext_sk_horse\sk_horse_hide_pw_6106.png,21.4534,0.984998,8.7135,21.5710
hq_ext_sk_horse_sk_horse,correct recover,D:\thesis\experiments\diffstega_outputs_hq_ext\hq_ext_sk_horse\sk_horse.png,D:\thesis\experiments\diffstega_outputs_hq_ext\hq_ext_sk_horse\sk_horse_rec_w_6106.png,20.8187,0.984385,12.8901,23.2064
hq_ext_sk_horse_sk_horse,wrong recover,D:\thesis\experiments\diffstega_outputs_hq_ext\hq_ext_sk_horse\sk_horse.png,D:\thesis\experiments\diffstega_outputs_hq_ext\hq_ext_sk_horse\sk_horse_rec_wo_6106.png,20.8477,0.983785,9.5786,23.1290
hq_ext_sk_hubble_sk_hubble,stego,D:\thesis\experiments\diffstega_outputs_hq_ext\hq_ext_sk_hubble\sk_hubble.png,D:\thesis\experiments\diffstega_outputs_hq_ext\hq_ext_sk_hubble\sk_hubble_hide_pw_6107.png,21.7612,0.715960,9.8174,20.8199
hq_ext_sk_hubble_sk_hubble,correct recover,D:\thesis\experiments\diffstega_outputs_hq_ext\hq_ext_sk_hubble\sk_hubble.png,D:\thesis\experiments\diffstega_outputs_hq_ext\hq_ext_sk_hubble\sk_hubble_rec_w_6107.png,19.4956,0.672828,12.3651,27.0247
hq_ext_sk_hubble_sk_hubble,wrong recover,D:\thesis\experiments\diffstega_outputs_hq_ext\hq_ext_sk_hubble\sk_hubble.png,D:\thesis\experiments\diffstega_outputs_hq_ext\hq_ext_sk_hubble\sk_hubble_rec_wo_6107.png,21.2898,0.700002,9.8745,21.9811
hq_ext_sk_retina_sk_retina,stego,D:\thesis\experiments\diffstega_outputs_hq_ext\hq_ext_sk_retina\sk_retina.png,D:\thesis\experiments\diffstega_outputs_hq_ext\hq_ext_sk_retina\sk_retina_hide_pw_6108.png,25.2378,0.973000,8.5983,13.9524
hq_ext_sk_retina_sk_retina,correct recover,D:\thesis\experiments\diffstega_outputs_hq_ext\hq_ext_sk_retina\sk_retina.png,D:\thesis\experiments\diffstega_outputs_hq_ext\hq_ext_sk_retina\sk_retina_rec_w_6108.png,22.9995,0.950300,10.8653,18.0537
hq_ext_sk_retina_sk_retina,wrong recover,D:\thesis\experiments\diffstega_outputs_hq_ext\hq_ext_sk_retina\sk_retina.png,D:\thesis\experiments\diffstega_outputs_hq_ext\hq_ext_sk_retina\sk_retina_rec_wo_6108.png,24.7309,0.969131,9.3078,14.7909
hq_ext_sk_rocket_sk_rocket,stego,D:\thesis\experiments\diffstega_outputs_hq_ext\hq_ext_sk_rocket\sk_rocket.png,D:\thesis\experiments\diffstega_outputs_hq_ext\hq_ext_sk_rocket\sk_rocket_hide_pw_6103.png,24.9126,0.904415,8.4733,14.4847
hq_ext_sk_rocket_sk_rocket,correct recover,D:\thesis\experiments\diffstega_outputs_hq_ext\hq_ext_sk_rocket\sk_rocket.png,D:\thesis\experiments\diffstega_outputs_hq_ext\hq_ext_sk_rocket\sk_rocket_rec_w_6103.png,25.1666,0.926779,7.5088,14.0673
hq_ext_sk_rocket_sk_rocket,wrong recover,D:\thesis\experiments\diffstega_outputs_hq_ext\hq_ext_sk_rocket\sk_rocket.png,D:\thesis\experiments\diffstega_outputs_hq_ext\hq_ext_sk_rocket\sk_rocket_rec_wo_6103.png,24.1604,0.881848,8.6854,15.7950
